{"42": 790000, "2015": 3.85e-06, "BTCD": 109.26, "CRAIG": 0.008264, "XBS": 3.289, "XPY": 0.0055, "PRC": 1e-08, "YBC": 2800.98, "DANK": 0.01174, "GIVE": 0.00174, "KOBO": 0.0274, "DT": 0.0274, "CETI": 0.0261, "SUP": 0.3971, "XPD": 0.01202, "GEO": 0.3171, "CHASH": 0.438, "NXTI": 1.597, "WOLF": 0.2175, "XDP": 0.919, "AC": 5.717, "ACOIN": 0.01143, "AERO": 0.01143, "ALF": 0.01143, "AMC": 0.01957, "ALIEN": 0.01957, "APEX": 0.05611, "ARCH": 1.542, "ARG": 0.002175, "ARI": 0.02262, "AXR": 0.02262, "BEAN": 0.0007, "BLU": 0.0008318, "BOST": 0.0004349, "BQC": 0.13, "XMY": 0.003479, "ZET": 0.02871, "SXC": 0.003697, "QTL": 30.75, "ENRG": 0.02827, "RIC": 0.04045, "LIMX": 0.3071, "BTB": 4.902, "CAIX": 0.2192, "BTMK": 0.0325, "BUK": 17.61, "CACH": 0.05437, "CANN": 0.02061, "CAP": 0.01044, "CASH": 0.001305, "CBX": 0.2607, "CCN": 0.261, "CIN": 0.04119, "CINNI": 0.06698, "CXC": 0.08612, "CLAM": 2.133, "CLR": 0.001068, "CMC": 0.004894, "CNC": 0.002175, "FRC": 0.4319, "FLT": 0.02255, "FRK": 0.03023, "FRAC": 1.043, "GDC": 6.161e-05, "GLX": 6.161e-05, "GLYPH": 4.171, "GML": 0.001305, "GUE": 0.001305, "HAL": 1.537, "HBN": 0.02436, "HUC": 0.01566, "HVC": 0.01566, "HYP": 0.000154, "ICB": 0.2831, "IFC": 0.003358, "IXC": 0.02812, "JBS": 14.91, "JKC": 14.91, "JUDGE": 0.03436, "KDC": 0.03653, "KGC": 0.0001114, "LK7": 0.0001114, "LKY": 26.12, "LSD": 2.319e-05, "LTCD": 0.03262, "LTCX": 0.03262, "LXC": 0.6093, "LYC": 0.0008699, "MAX": 6.16e-06, "MINT": 0.05847, "MN": 0.05847, "MINC": 0.02917, "MRY": 0.006959, "MZC": 38.4, "NAN": 0.0261, "NAUT": 0.1279, "SAT2": 0.2302, "SBC": 0.0015, "SDC": 2.225, "SFR": 0.02305, "SHADE": 0.02305, "SHLD": 0.0004313, "SILK": 0.4836, "SLG": 0.3071, "SMC": 0.006524, "SOLE": 0.006524, "SPOTS": 0.002175, "SRC": 0.003914, "SSV": 0.003914, "SWIFT": 0.3088, "TAK": 1.305e-05, "TES": 0.005024, "TGC": 0.007608, "TIT": 0.002988, "TOR": 0.5306, "TRC": 0.3871, "TITC": 0.000154, "ULTC": 1e-07, "UNB": 0.7642, "UNO": 447.98, "URO": 0.006259, "USDE": 0.00016, "UTC": 0.09395, "UTIL": 0.2849, "VDO": 0.02392, "VOOT": 0.187, "XBOT": 0.187, "XC": 8.606, "XCR": 0.1744, "XJO": 0.002175, "XLB": 0.002175, "XPM": 0.005, "XST": 0.1096, "XXX": 0.217, "YAC": 0.01218, "ZCC": 1.522, "ZED": 1.522, "EKN": 0.1135, "XAU": 0.01221, "TMC": 44.1, "SJCX": 0.00174, "START": 0.00576, "HUGE": 0.003914, "XCP": 2.924, "MAID": 0.6702, "007": 1.093, "NSR": 308.07, "MONA": 1.44, "CELL": 0.2179, "TEK": 9.99e-06, "BAY": 0.5906, "NTRN": 0.006524, "SLING": 0.007154, "XVC": 0.09047, "CRAVE": 1.18, "XSI": 0.8699, "BYC": 0.361, "GRC": 0.001003, "GEMZ": 0.04219, "KTK": 0.46, "HZ": 0.0008699, "QORA": 0.001305, "RBY": 0.883, "PTC": 0.07357, "SSD": 0.01348, "XTC": 0.0735, "NOTE": 0.001756, "MMXIV": 0.01305, "8BIT": 44.91, "STV": 0.0009242, "EBS": 0.1501, "AM": 0.3934, "XMG": 0.02418, "AMBER": 0.001017, "NKT": 0.005654, "J": 0.0162, "GHC": 0.09003, "ABY": 0.004998, "LDOGE": 0.0002145, "MTR": 0.4725, "TRI": 13.35, "SWARM": 0.2175, "BBR": 0.164, "BTCRY": 8.32e-05, "BCR": 0.1735, "XPB": 0.3066, "XDQ": 0.05132, "FLDC": 0.001305, "SLR": 0.002, "SMAC": 0.06829, "TRK": 0.001171, "U": 0.002307, "UIS": 0.002415, "CYP": 1.336e-05, "UFO": 0.001101, "ASN": 0.004784, "OC": 0.0007828, "GSM": 0.00914, "FSC": 0.0008699, "NXTTY": 0.0008699, "QBK": 0.5641, "BLC": 6.836e-05, "MARYJ": 0.05306, "OMC": 0.008048, "CC": 0.0004349, "BITS": 0.02378, "LTBC": 0.005219, "NEOS": 0.1814, "HYPER": 0.1609, "VTR": 0.598, "METAL": 0.004375, "PINK": 0.006089, "GRE": 0.0004349, "XG": 0.09003, "CHILD": 0.03262, "BOOM": 0.005106, "MINE": 0.1287, "UNAT": 1.257, "SLM": 0.02566, "GAIA": 0.05393, "XCN": 30.81, "CURE": 0.06872, "GMC": 2.901, "MMC": 0.1596, "XBC": 16.12, "OCTOC": 0.005219, "MSC": 0.0004097, "EGGC": 0.0211, "C2": 0.0006496, "GSX": 0.3023, "RBR": 0.04871, "XQN": 0.0009135, "ICASH": 0.000346, "SOON": 0.05263, "BTMI": 0.0004349, "EVENT": 0.01044, "1CR": 2.311, "VIOR": 0.1166, "XCO": 0.0005237, "VMC": 0.00174, "VIRAL": 0.02131, "EQM": 0.01247, "ISL": 0.02982, "QSLV": 0.05132, "XWT": 0.01174, "XNA": 0.0004349, "SKB": 0.01907, "BSTY": 0.04981, "FCS": 0.003914, "GAM": 2.7, "CESC": 0.001002}