{"42": 790000, "2015": 3.85e-06, "BTCD": 109.13, "CRAIG": 0.008254, "XBS": 3.29, "XPY": 0.0055, "PRC": 1e-08, "YBC": 2800.98, "DANK": 0.01173, "GIVE": 0.001738, "KOBO": 0.02737, "DT": 0.02737, "CETI": 0.02607, "SUP": 0.3966, "XPD": 0.01202, "GEO": 0.3167, "CHASH": 0.4375, "NXTI": 1.595, "WOLF": 0.2172, "XDP": 0.918, "AC": 5.719, "ACOIN": 0.01143, "AERO": 0.01143, "ALF": 0.01143, "AMC": 0.01956, "ALIEN": 0.01956, "APEX": 0.05607, "ARCH": 1.543, "ARG": 0.002173, "ARI": 0.0226, "AXR": 0.0226, "BEAN": 0.0007, "BLU": 0.0008321, "BOST": 0.0004346, "BQC": 0.13, "XMY": 0.003912, "ZET": 0.02869, "SXC": 0.003698, "QTL": 30.76, "ENRG": 0.02825, "RIC": 0.04042, "LIMX": 0.3068, "BTB": 4.898, "CAIX": 0.2191, "BTMK": 0.0325, "BUK": 17.6, "CACH": 0.05433, "CANN": 0.02062, "CAP": 0.01043, "CASH": 0.001304, "CBX": 0.2608, "CCN": 0.2608, "CIN": 0.04121, "CINNI": 0.06693, "CXC": 0.08606, "CLAM": 2.133, "CLR": 0.001068, "CMC": 0.004894, "CNC": 0.002173, "FRC": 0.4316, "FLT": 0.02256, "FRK": 0.03023, "FRAC": 1.043, "GDC": 6.164e-05, "GLX": 6.164e-05, "GLYPH": 4.169, "GML": 0.001304, "GUE": 0.001304, "HAL": 1.538, "HBN": 0.02434, "HUC": 0.01565, "HVC": 0.01565, "HYP": 0.0001541, "ICB": 0.2829, "IFC": 0.003359, "IXC": 0.02812, "JBS": 14.9, "JKC": 14.9, "JUDGE": 0.03434, "KDC": 0.03651, "KGC": 0.0001114, "LK7": 0.0001114, "LKY": 26.14, "LSD": 2.319e-05, "LTCD": 0.0326, "LTCX": 0.0326, "LXC": 0.6089, "LYC": 0.0008693, "MAX": 6.16e-06, "MINT": 0.0585, "MN": 0.0585, "MINC": 0.02919, "MRY": 0.006954, "MZC": 38.38, "NAN": 0.02608, "NAUT": 0.1278, "SAT2": 0.2302, "SBC": 0.0015, "SDC": 2.224, "SFR": 0.02304, "SHADE": 0.02304, "SHLD": 0.0004315, "SILK": 0.4833, "SLG": 0.3068, "SMC": 0.006519, "SOLE": 0.006519, "SPOTS": 0.002173, "SRC": 0.003912, "SSV": 0.003912, "SWIFT": 0.3866, "TAK": 1.305e-05, "TES": 0.005024, "TGC": 0.007608, "TIT": 0.00299, "TOR": 0.5302, "TRC": 0.3868, "TITC": 0.0001541, "ULTC": 1e-07, "UNB": 0.7636, "UNO": 447.67, "URO": 0.006259, "USDE": 0.00016, "UTC": 0.09388, "UTIL": 0.2847, "VDO": 0.0239, "VOOT": 0.1869, "XBOT": 0.1869, "XC": 8.61, "XCR": 0.1743, "XJO": 0.002173, "XLB": 0.002173, "XPM": 0.005, "XST": 0.1095, "XXX": 0.2169, "YAC": 0.01217, "ZCC": 1.521, "ZED": 1.521, "EKN": 0.1134, "XAU": 0.01221, "TMC": 44.07, "SJCX": 0.001739, "START": 0.00576, "HUGE": 0.003912, "XCP": 2.922, "MAID": 0.6685, "007": 1.093, "NSR": 308.2, "MONA": 1.438, "CELL": 0.2177, "TEK": 9.99e-06, "BAY": 0.5906, "NTRN": 0.006519, "SLING": 0.007154, "XVC": 0.0904, "CRAVE": 1.179, "XSI": 0.8693, "BYC": 0.3607, "GRC": 0.001003, "GEMZ": 0.04216, "KTK": 0.46, "HZ": 0.0008693, "QORA": 0.001304, "RBY": 0.883, "PTC": 0.0736, "SSD": 0.01347, "XTC": 0.07345, "NOTE": 0.001757, "MMXIV": 0.01304, "8BIT": 44.93, "STV": 0.0009246, "EBS": 0.1499, "AM": 0.3934, "XMG": 0.02418, "AMBER": 0.001017, "NKT": 0.00565, "J": 0.01621, "GHC": 0.08997, "ABY": 0.004998, "LDOGE": 0.0002145, "MTR": 0.4725, "TRI": 13.34, "SWARM": 0.2173, "BBR": 0.1639, "BTCRY": 8.32e-05, "BCR": 0.1734, "XPB": 0.3064, "XDQ": 0.05129, "FLDC": 0.001304, "SLR": 0.002, "SMAC": 0.06824, "TRK": 0.001171, "U": 0.002308, "UIS": 0.002415, "CYP": 1.336e-05, "UFO": 0.001101, "ASN": 0.004781, "OC": 0.0007831, "GSM": 0.00914, "FSC": 0.0008693, "NXTTY": 0.0008693, "QBK": 0.5637, "BLC": 6.836e-05, "MARYJ": 0.05302, "OMC": 0.008048, "CC": 0.0004346, "BITS": 0.02379, "LTBC": 0.005216, "NEOS": 0.1812, "HYPER": 0.1608, "VTR": 0.5976, "METAL": 0.004375, "PINK": 0.006085, "GRE": 0.0004346, "XG": 0.08997, "CHILD": 0.0326, "BOOM": 0.005106, "MINE": 0.1287, "UNAT": 1.256, "SLM": 0.02564, "GAIA": 0.05389, "XCN": 30.82, "CURE": 0.06867, "GMC": 2.899, "MMC": 0.1595, "XBC": 16.43, "OCTOC": 0.005216, "MSC": 0.0004099, "EGGC": 0.0211, "C2": 0.0006496, "GSX": 0.3021, "RBR": 0.04868, "XQN": 0.0009135, "ICASH": 0.000346, "SOON": 0.05259, "BTMI": 0.0004346, "EVENT": 0.01043, "1CR": 2.311, "VIOR": 0.1165, "XCO": 0.0005239, "VMC": 0.001739, "VIRAL": 0.0213, "EQM": 0.01247, "ISL": 0.02983, "QSLV": 0.05129, "XWT": 0.01174, "XNA": 0.0004346, "SKB": 0.01908, "BSTY": 0.04981, "FCS": 0.003912, "GAM": 2.698, "CESC": 0.001002}