{"42": 790000, "2015": 3.85e-06, "BTCD": 109.49, "CRAIG": 0.008282, "XBS": 3.311, "XPY": 0.0055, "PRC": 1e-08, "YBC": 2800.98, "DANK": 0.01177, "GIVE": 0.001744, "KOBO": 0.02746, "DT": 0.02746, "CETI": 0.02615, "SUP": 0.398, "XPD": 0.01202, "GEO": 0.3178, "CHASH": 0.4389, "NXTI": 1.6, "WOLF": 0.2179, "XDP": 0.921, "AC": 5.754, "ACOIN": 0.0115, "AERO": 0.0115, "ALF": 0.0115, "AMC": 0.01962, "ALIEN": 0.01962, "APEX": 0.05623, "ARCH": 1.552, "ARG": 0.002179, "ARI": 0.02267, "AXR": 0.02267, "BEAN": 0.0007, "BLU": 0.0008372, "BOST": 0.0004359, "BQC": 0.1303, "XMY": 0.003923, "ZET": 0.02877, "SXC": 0.003721, "QTL": 30.95, "ENRG": 0.02833, "RIC": 0.04054, "LIMX": 0.3077, "BTB": 4.913, "CAIX": 0.2197, "BTMK": 0.0325, "BUK": 17.65, "CACH": 0.05449, "CANN": 0.02074, "CAP": 0.01046, "CASH": 0.001308, "CBX": 0.2624, "CCN": 0.2615, "CIN": 0.04146, "CINNI": 0.06713, "CXC": 0.08631, "CLAM": 2.133, "CLR": 0.001068, "CMC": 0.004894, "CNC": 0.002179, "FRC": 0.4328, "FLT": 0.0227, "FRK": 0.03023, "FRAC": 1.046, "GDC": 6.202e-05, "GLX": 6.202e-05, "GLYPH": 4.181, "GML": 0.001308, "GUE": 0.001308, "HAL": 1.547, "HBN": 0.02441, "HUC": 0.01569, "HVC": 0.01569, "HYP": 0.000155, "ICB": 0.2838, "IFC": 0.00338, "IXC": 0.02812, "JBS": 14.94, "JKC": 14.94, "JUDGE": 0.03444, "KDC": 0.03661, "KGC": 0.0001114, "LK7": 0.0001114, "LKY": 26.3, "LSD": 2.319e-05, "LTCD": 0.03269, "LTCX": 0.03269, "LXC": 0.6107, "LYC": 0.0008718, "MAX": 6.2e-06, "MINT": 0.05885, "MN": 0.05885, "MINC": 0.02937, "MRY": 0.006974, "MZC": 38.49, "NAN": 0.02615, "NAUT": 0.1282, "SAT2": 0.2302, "SBC": 0.0015, "SDC": 2.23, "SFR": 0.0231, "SHADE": 0.0231, "SHLD": 0.0004341, "SILK": 0.4847, "SLG": 0.3077, "SMC": 0.006538, "SOLE": 0.006538, "SPOTS": 0.002179, "SRC": 0.003923, "SSV": 0.003923, "SWIFT": 0.3122, "TAK": 1.305e-05, "TES": 0.005024, "TGC": 0.007608, "TIT": 0.003008, "TOR": 0.5318, "TRC": 0.3879, "TITC": 0.000155, "ULTC": 1e-07, "UNB": 0.7659, "UNO": 448.97, "URO": 0.006259, "USDE": 0.00016, "UTC": 0.09415, "UTIL": 0.2855, "VDO": 0.02397, "VOOT": 0.1874, "XBOT": 0.1874, "XC": 8.663, "XCR": 0.1748, "XJO": 0.002179, "XLB": 0.002179, "XPM": 0.005, "XST": 0.1098, "XXX": 0.2175, "YAC": 0.0122, "ZCC": 1.525, "ZED": 1.525, "EKN": 0.1138, "XAU": 0.01221, "TMC": 44.2, "SJCX": 0.001744, "START": 0.00576, "HUGE": 0.003923, "XCP": 2.931, "MAID": 0.6704, "007": 1.093, "NSR": 310.09, "MONA": 1.442, "CELL": 0.2184, "TEK": 9.99e-06, "BAY": 0.5906, "NTRN": 0.006538, "SLING": 0.007154, "XVC": 0.09067, "CRAVE": 1.182, "XSI": 0.8718, "BYC": 0.3618, "GRC": 0.001003, "GEMZ": 0.04228, "KTK": 0.46, "HZ": 0.0008718, "QORA": 0.001308, "RBY": 0.883, "PTC": 0.07405, "SSD": 0.01351, "XTC": 0.07367, "NOTE": 0.001767, "MMXIV": 0.01308, "8BIT": 45.2, "STV": 0.0009303, "EBS": 0.1504, "AM": 0.3934, "XMG": 0.02418, "AMBER": 0.001017, "NKT": 0.005667, "J": 0.01631, "GHC": 0.09023, "ABY": 0.004998, "LDOGE": 0.0002145, "MTR": 0.4725, "TRI": 13.37, "SWARM": 0.2179, "BBR": 0.1643, "BTCRY": 8.32e-05, "BCR": 0.1739, "XPB": 0.3073, "XDQ": 0.05144, "FLDC": 0.001308, "SLR": 0.002, "SMAC": 0.06844, "TRK": 0.001178, "U": 0.002323, "UIS": 0.002415, "CYP": 1.336e-05, "UFO": 0.001101, "ASN": 0.004795, "OC": 0.0007879, "GSM": 0.00914, "FSC": 0.0008718, "NXTTY": 0.0008718, "QBK": 0.5654, "BLC": 6.836e-05, "MARYJ": 0.05318, "OMC": 0.008048, "CC": 0.0004359, "BITS": 0.02394, "LTBC": 0.005231, "NEOS": 0.1818, "HYPER": 0.1613, "VTR": 0.5994, "METAL": 0.004375, "PINK": 0.006102, "GRE": 0.0004359, "XG": 0.09023, "CHILD": 0.03269, "BOOM": 0.005106, "MINE": 0.129, "UNAT": 1.259, "SLM": 0.02572, "GAIA": 0.05405, "XCN": 31.01, "CURE": 0.06887, "GMC": 2.907, "MMC": 0.16, "XBC": 16.18, "OCTOC": 0.005231, "MSC": 0.0004124, "EGGC": 0.0211, "C2": 0.0006496, "GSX": 0.3029, "RBR": 0.04882, "XQN": 0.0009135, "ICASH": 0.000346, "SOON": 0.05274, "BTMI": 0.0004359, "EVENT": 0.01046, "1CR": 2.326, "VIOR": 0.1168, "XCO": 0.0005271, "VMC": 0.001744, "VIRAL": 0.02136, "EQM": 0.01247, "ISL": 0.03002, "QSLV": 0.05144, "XWT": 0.01177, "XNA": 0.0004359, "SKB": 0.01919, "BSTY": 0.04981, "FCS": 0.003923, "GAM": 2.706, "CESC": 0.001002}