{"42": 790000, "2015": 3.85e-06, "BTCD": 109.41, "CRAIG": 0.008276, "XBS": 3.295, "XPY": 0.0055, "PRC": 1e-08, "YBC": 2800.98, "DANK": 0.01176, "GIVE": 0.001742, "KOBO": 0.02744, "DT": 0.02744, "CETI": 0.02613, "SUP": 0.3977, "XPD": 0.01202, "GEO": 0.3175, "CHASH": 0.4386, "NXTI": 1.599, "WOLF": 0.2178, "XDP": 0.9203, "AC": 5.727, "ACOIN": 0.01145, "AERO": 0.01145, "ALF": 0.01145, "AMC": 0.0196, "ALIEN": 0.0196, "APEX": 0.0562, "ARCH": 1.545, "ARG": 0.002178, "ARI": 0.02265, "AXR": 0.02265, "BEAN": 0.0007, "BLU": 0.0008333, "BOST": 0.0004356, "BQC": 0.1303, "XMY": 0.003485, "ZET": 0.02875, "SXC": 0.003703, "QTL": 30.8, "ENRG": 0.02832, "RIC": 0.04051, "LIMX": 0.3076, "BTB": 4.91, "CAIX": 0.2196, "BTMK": 0.0325, "BUK": 17.64, "CACH": 0.05445, "CANN": 0.02065, "CAP": 0.01046, "CASH": 0.001307, "CBX": 0.2612, "CCN": 0.2614, "CIN": 0.04126, "CINNI": 0.06709, "CXC": 0.08625, "CLAM": 2.133, "CLR": 0.001068, "CMC": 0.004894, "CNC": 0.002178, "FRC": 0.4326, "FLT": 0.02259, "FRK": 0.03023, "FRAC": 1.045, "GDC": 6.172e-05, "GLX": 6.172e-05, "GLYPH": 4.178, "GML": 0.001307, "GUE": 0.001307, "HAL": 1.54, "HBN": 0.0244, "HUC": 0.01568, "HVC": 0.01568, "HYP": 0.0001543, "ICB": 0.2836, "IFC": 0.003364, "IXC": 0.02812, "JBS": 14.93, "JKC": 14.93, "JUDGE": 0.03441, "KDC": 0.03659, "KGC": 0.0001114, "LK7": 0.0001114, "LKY": 26.17, "LSD": 2.319e-05, "LTCD": 0.03267, "LTCX": 0.03267, "LXC": 0.6103, "LYC": 0.0008713, "MAX": 6.17e-06, "MINT": 0.05857, "MN": 0.05857, "MINC": 0.02923, "MRY": 0.00697, "MZC": 38.47, "NAN": 0.02614, "NAUT": 0.1281, "SAT2": 0.2302, "SBC": 0.0015, "SDC": 2.229, "SFR": 0.02309, "SHADE": 0.02309, "SHLD": 0.0004321, "SILK": 0.4844, "SLG": 0.3076, "SMC": 0.006534, "SOLE": 0.006534, "SPOTS": 0.002178, "SRC": 0.003921, "SSV": 0.003921, "SWIFT": 0.3096, "TAK": 1.305e-05, "TES": 0.005024, "TGC": 0.007608, "TIT": 0.002994, "TOR": 0.5315, "TRC": 0.3877, "TITC": 0.0001543, "ULTC": 1e-07, "UNB": 0.7654, "UNO": 448.7, "URO": 0.006259, "USDE": 0.00016, "UTC": 0.0941, "UTIL": 0.2853, "VDO": 0.02396, "VOOT": 0.1873, "XBOT": 0.1873, "XC": 8.621, "XCR": 0.1747, "XJO": 0.002178, "XLB": 0.002178, "XPM": 0.005, "XST": 0.1098, "XXX": 0.2174, "YAC": 0.0122, "ZCC": 1.524, "ZED": 1.524, "EKN": 0.1137, "XAU": 0.01221, "TMC": 44.17, "SJCX": 0.001743, "START": 0.00576, "HUGE": 0.003921, "XCP": 2.929, "MAID": 0.6717, "007": 1.093, "NSR": 308.61, "MONA": 1.442, "CELL": 0.2183, "TEK": 9.99e-06, "BAY": 0.5906, "NTRN": 0.006534, "SLING": 0.007154, "XVC": 0.09061, "CRAVE": 1.181, "XSI": 0.8713, "BYC": 0.3616, "GRC": 0.001003, "GEMZ": 0.04226, "KTK": 0.46, "HZ": 0.0008713, "QORA": 0.001307, "RBY": 0.883, "PTC": 0.0737, "SSD": 0.0135, "XTC": 0.07362, "NOTE": 0.001759, "MMXIV": 0.01307, "8BIT": 44.99, "STV": 0.0009258, "EBS": 0.1503, "AM": 0.3934, "XMG": 0.02418, "AMBER": 0.001017, "NKT": 0.005663, "J": 0.01623, "GHC": 0.09018, "ABY": 0.004998, "LDOGE": 0.0002145, "MTR": 0.4725, "TRI": 13.37, "SWARM": 0.2178, "BBR": 0.1642, "BTCRY": 8.32e-05, "BCR": 0.1738, "XPB": 0.3071, "XDQ": 0.0514, "FLDC": 0.001307, "SLR": 0.002, "SMAC": 0.06839, "TRK": 0.001173, "U": 0.002312, "UIS": 0.002415, "CYP": 1.336e-05, "UFO": 0.001101, "ASN": 0.004792, "OC": 0.0007842, "GSM": 0.00914, "FSC": 0.0008713, "NXTTY": 0.0008713, "QBK": 0.565, "BLC": 6.836e-05, "MARYJ": 0.05315, "OMC": 0.008048, "CC": 0.0004356, "BITS": 0.02383, "LTBC": 0.005228, "NEOS": 0.1817, "HYPER": 0.1612, "VTR": 0.599, "METAL": 0.004375, "PINK": 0.006099, "GRE": 0.0004356, "XG": 0.09018, "CHILD": 0.03267, "BOOM": 0.005106, "MINE": 0.1289, "UNAT": 1.259, "SLM": 0.0257, "GAIA": 0.05402, "XCN": 30.86, "CURE": 0.06883, "GMC": 2.906, "MMC": 0.1599, "XBC": 16.34, "OCTOC": 0.005228, "MSC": 0.0004105, "EGGC": 0.0211, "C2": 0.0006496, "GSX": 0.3028, "RBR": 0.04879, "XQN": 0.0009135, "ICASH": 0.000346, "SOON": 0.05271, "BTMI": 0.0004356, "EVENT": 0.01046, "1CR": 2.315, "VIOR": 0.1167, "XCO": 0.0005246, "VMC": 0.001743, "VIRAL": 0.02135, "EQM": 0.01247, "ISL": 0.02987, "QSLV": 0.0514, "XWT": 0.01176, "XNA": 0.0004356, "SKB": 0.0191, "BSTY": 0.04981, "FCS": 0.003921, "GAM": 2.704, "CESC": 0.001002}