{"42": 790000, "2015": 3.85e-06, "BTCD": 109.29, "CRAIG": 0.008266, "XBS": 3.293, "XPY": 0.0055, "PRC": 1e-08, "YBC": 2800.98, "DANK": 0.01175, "GIVE": 0.00174, "KOBO": 0.02741, "DT": 0.02741, "CETI": 0.0261, "SUP": 0.3972, "XPD": 0.01202, "GEO": 0.3172, "CHASH": 0.4381, "NXTI": 1.597, "WOLF": 0.2175, "XDP": 0.9193, "AC": 5.723, "ACOIN": 0.01144, "AERO": 0.01144, "ALF": 0.01144, "AMC": 0.01958, "ALIEN": 0.01958, "APEX": 0.05612, "ARCH": 1.544, "ARG": 0.002175, "ARI": 0.02262, "AXR": 0.02262, "BEAN": 0.0007, "BLU": 0.0008327, "BOST": 0.0004351, "BQC": 0.1301, "XMY": 0.003481, "ZET": 0.02871, "SXC": 0.003701, "QTL": 30.78, "ENRG": 0.02828, "RIC": 0.04046, "LIMX": 0.3072, "BTB": 4.903, "CAIX": 0.2193, "BTMK": 0.0325, "BUK": 17.62, "CACH": 0.05438, "CANN": 0.02063, "CAP": 0.01044, "CASH": 0.001305, "CBX": 0.261, "CCN": 0.261, "CIN": 0.04123, "CINNI": 0.067, "CXC": 0.08614, "CLAM": 2.133, "CLR": 0.001068, "CMC": 0.004894, "CNC": 0.002175, "FRC": 0.432, "FLT": 0.02258, "FRK": 0.03023, "FRAC": 1.044, "GDC": 6.168e-05, "GLX": 6.168e-05, "GLYPH": 4.173, "GML": 0.001305, "GUE": 0.001305, "HAL": 1.539, "HBN": 0.02436, "HUC": 0.01566, "HVC": 0.01566, "HYP": 0.0001542, "ICB": 0.2832, "IFC": 0.003362, "IXC": 0.02812, "JBS": 14.92, "JKC": 14.92, "JUDGE": 0.03437, "KDC": 0.03655, "KGC": 0.0001114, "LK7": 0.0001114, "LKY": 26.15, "LSD": 2.319e-05, "LTCD": 0.03263, "LTCX": 0.03263, "LXC": 0.6095, "LYC": 0.0008701, "MAX": 6.17e-06, "MINT": 0.05854, "MN": 0.05854, "MINC": 0.02921, "MRY": 0.006961, "MZC": 38.42, "NAN": 0.0261, "NAUT": 0.1279, "SAT2": 0.2302, "SBC": 0.0015, "SDC": 2.226, "SFR": 0.02306, "SHADE": 0.02306, "SHLD": 0.0004318, "SILK": 0.4838, "SLG": 0.3072, "SMC": 0.006526, "SOLE": 0.006526, "SPOTS": 0.002175, "SRC": 0.003916, "SSV": 0.003916, "SWIFT": 0.3092, "TAK": 1.305e-05, "TES": 0.005024, "TGC": 0.007608, "TIT": 0.002992, "TOR": 0.5308, "TRC": 0.3872, "TITC": 0.0001542, "ULTC": 1e-07, "UNB": 0.7644, "UNO": 448.12, "URO": 0.006259, "USDE": 0.00016, "UTC": 0.09398, "UTIL": 0.285, "VDO": 0.02393, "VOOT": 0.1871, "XBOT": 0.1871, "XC": 8.616, "XCR": 0.1745, "XJO": 0.002175, "XLB": 0.002175, "XPM": 0.005, "XST": 0.1096, "XXX": 0.2171, "YAC": 0.01218, "ZCC": 1.522, "ZED": 1.522, "EKN": 0.1136, "XAU": 0.01221, "TMC": 44.12, "SJCX": 0.00174, "START": 0.00576, "HUGE": 0.003916, "XCP": 2.925, "MAID": 0.6704, "007": 1.093, "NSR": 308.41, "MONA": 1.44, "CELL": 0.218, "TEK": 9.99e-06, "BAY": 0.5906, "NTRN": 0.006526, "SLING": 0.007154, "XVC": 0.09049, "CRAVE": 1.18, "XSI": 0.8701, "BYC": 0.3611, "GRC": 0.001003, "GEMZ": 0.0422, "KTK": 0.46, "HZ": 0.0008701, "QORA": 0.001305, "RBY": 0.883, "PTC": 0.07365, "SSD": 0.01349, "XTC": 0.07353, "NOTE": 0.001758, "MMXIV": 0.01305, "8BIT": 44.96, "STV": 0.0009252, "EBS": 0.1501, "AM": 0.3934, "XMG": 0.02418, "AMBER": 0.001017, "NKT": 0.005656, "J": 0.01622, "GHC": 0.09006, "ABY": 0.004998, "LDOGE": 0.0002145, "MTR": 0.4725, "TRI": 13.35, "SWARM": 0.2175, "BBR": 0.164, "BTCRY": 8.32e-05, "BCR": 0.1736, "XPB": 0.3067, "XDQ": 0.05134, "FLDC": 0.001305, "SLR": 0.002, "SMAC": 0.06831, "TRK": 0.001172, "U": 0.00231, "UIS": 0.002415, "CYP": 1.336e-05, "UFO": 0.001101, "ASN": 0.004786, "OC": 0.0007837, "GSM": 0.00914, "FSC": 0.0008701, "NXTTY": 0.0008701, "QBK": 0.5643, "BLC": 6.836e-05, "MARYJ": 0.05308, "OMC": 0.008048, "CC": 0.0004351, "BITS": 0.02381, "LTBC": 0.005221, "NEOS": 0.1814, "HYPER": 0.161, "VTR": 0.5982, "METAL": 0.004375, "PINK": 0.006091, "GRE": 0.0004351, "XG": 0.09006, "CHILD": 0.03263, "BOOM": 0.005106, "MINE": 0.1288, "UNAT": 1.257, "SLM": 0.02567, "GAIA": 0.05395, "XCN": 30.84, "CURE": 0.06874, "GMC": 2.902, "MMC": 0.1597, "XBC": 16.43, "OCTOC": 0.005221, "MSC": 0.0004102, "EGGC": 0.0211, "C2": 0.0006496, "GSX": 0.3024, "RBR": 0.04873, "XQN": 0.0009135, "ICASH": 0.000346, "SOON": 0.05264, "BTMI": 0.0004351, "EVENT": 0.01044, "1CR": 2.313, "VIOR": 0.1166, "XCO": 0.0005243, "VMC": 0.00174, "VIRAL": 0.02132, "EQM": 0.01247, "ISL": 0.02985, "QSLV": 0.05134, "XWT": 0.01175, "XNA": 0.0004351, "SKB": 0.01909, "BSTY": 0.04981, "FCS": 0.003916, "GAM": 2.7, "CESC": 0.001002}