{"42": 790000, "2015": 3.85e-06, "BTCD": 109.36, "CRAIG": 0.008271, "XBS": 3.311, "XPY": 0.0055, "PRC": 1e-08, "YBC": 2800.98, "DANK": 0.01175, "GIVE": 0.001741, "KOBO": 0.02743, "DT": 0.02743, "CETI": 0.02612, "SUP": 0.3975, "XPD": 0.01202, "GEO": 0.3174, "CHASH": 0.4384, "NXTI": 1.598, "WOLF": 0.2177, "XDP": 0.9199, "AC": 5.755, "ACOIN": 0.0115, "AERO": 0.0115, "ALF": 0.0115, "AMC": 0.01959, "ALIEN": 0.01959, "APEX": 0.05616, "ARCH": 1.552, "ARG": 0.002177, "ARI": 0.02264, "AXR": 0.02264, "BEAN": 0.0007, "BLU": 0.0008373, "BOST": 0.0004353, "BQC": 0.1302, "XMY": 0.003918, "ZET": 0.02873, "SXC": 0.003721, "QTL": 30.95, "ENRG": 0.0283, "RIC": 0.04049, "LIMX": 0.3073, "BTB": 4.906, "CAIX": 0.2194, "BTMK": 0.03247, "BUK": 17.63, "CACH": 0.05442, "CANN": 0.02075, "CAP": 0.01045, "CASH": 0.001306, "CBX": 0.2624, "CCN": 0.2612, "CIN": 0.04146, "CINNI": 0.06704, "CXC": 0.0862, "CLAM": 2.133, "CLR": 0.001068, "CMC": 0.004894, "CNC": 0.002177, "FRC": 0.4323, "FLT": 0.02269, "FRK": 0.03023, "FRAC": 1.044, "GDC": 6.201e-05, "GLX": 6.201e-05, "GLYPH": 4.175, "GML": 0.001306, "GUE": 0.001306, "HAL": 1.547, "HBN": 0.02438, "HUC": 0.01567, "HVC": 0.01567, "HYP": 0.000155, "ICB": 0.2834, "IFC": 0.003379, "IXC": 0.02812, "JBS": 14.92, "JKC": 14.92, "JUDGE": 0.03439, "KDC": 0.03657, "KGC": 0.0001114, "LK7": 0.0001114, "LKY": 26.29, "LSD": 2.319e-05, "LTCD": 0.03265, "LTCX": 0.03265, "LXC": 0.6099, "LYC": 0.0008707, "MAX": 6.2e-06, "MINT": 0.05885, "MN": 0.05885, "MINC": 0.02936, "MRY": 0.006965, "MZC": 38.44, "NAN": 0.02612, "NAUT": 0.128, "SAT2": 0.23, "SBC": 0.0015, "SDC": 2.227, "SFR": 0.02307, "SHADE": 0.02307, "SHLD": 0.0004341, "SILK": 0.4841, "SLG": 0.3073, "SMC": 0.00653, "SOLE": 0.00653, "SPOTS": 0.002177, "SRC": 0.003918, "SSV": 0.003918, "SWIFT": 0.3108, "TAK": 1.305e-05, "TES": 0.005015, "TGC": 0.0076, "TIT": 0.003007, "TOR": 0.5311, "TRC": 0.3875, "TITC": 0.000155, "ULTC": 1e-07, "UNB": 0.7649, "UNO": 448.4, "URO": 0.006259, "USDE": 0.00016, "UTC": 0.09403, "UTIL": 0.2851, "VDO": 0.02394, "VOOT": 0.1872, "XBOT": 0.1872, "XC": 8.661, "XCR": 0.1746, "XJO": 0.002177, "XLB": 0.002177, "XPM": 0.005, "XST": 0.1088, "XXX": 0.2172, "YAC": 0.01219, "ZCC": 1.523, "ZED": 1.523, "EKN": 0.1136, "XAU": 0.01221, "TMC": 44.14, "SJCX": 0.001741, "START": 0.00576, "HUGE": 0.003918, "XCP": 2.927, "MAID": 0.6717, "007": 1.093, "NSR": 310.04, "MONA": 1.435, "CELL": 0.2181, "TEK": 9.99e-06, "BAY": 0.59, "NTRN": 0.00653, "SLING": 0.007154, "XVC": 0.09055, "CRAVE": 1.181, "XSI": 0.8707, "BYC": 0.3613, "GRC": 0.001003, "GEMZ": 0.04223, "KTK": 0.46, "HZ": 0.0008707, "QORA": 0.001306, "RBY": 0.883, "PTC": 0.07404, "SSD": 0.0135, "XTC": 0.07357, "NOTE": 0.001767, "MMXIV": 0.01306, "8BIT": 45.2, "STV": 0.0009301, "EBS": 0.1502, "AM": 0.3934, "XMG": 0.02418, "AMBER": 0.001017, "NKT": 0.005659, "J": 0.01631, "GHC": 0.09011, "ABY": 0.004998, "LDOGE": 0.0002145, "MTR": 0.472, "TRI": 13.36, "SWARM": 0.2177, "BBR": 0.1641, "BTCRY": 8.32e-05, "BCR": 0.1737, "XPB": 0.3069, "XDQ": 0.05137, "FLDC": 0.001306, "SLR": 0.002, "SMAC": 0.06835, "TRK": 0.001178, "U": 0.002322, "UIS": 0.002415, "CYP": 1.336e-05, "UFO": 0.0011, "ASN": 0.004789, "OC": 0.0007878, "GSM": 0.00914, "FSC": 0.0008707, "NXTTY": 0.0008707, "QBK": 0.5646, "BLC": 6.836e-05, "MARYJ": 0.05311, "OMC": 0.00804, "CC": 0.0004353, "BITS": 0.02394, "LTBC": 0.005224, "NEOS": 0.1815, "HYPER": 0.1611, "VTR": 0.5986, "METAL": 0.004375, "PINK": 0.006095, "GRE": 0.0004353, "XG": 0.09011, "CHILD": 0.03265, "BOOM": 0.005101, "MINE": 0.1289, "UNAT": 1.258, "SLM": 0.02568, "GAIA": 0.05398, "XCN": 31, "CURE": 0.06661, "GMC": 2.904, "MMC": 0.1598, "XBC": 16.11, "OCTOC": 0.005224, "MSC": 0.0004124, "EGGC": 0.0211, "C2": 0.0006496, "GSX": 0.3026, "RBR": 0.04876, "XQN": 0.0009135, "ICASH": 0.000346, "SOON": 0.05268, "BTMI": 0.0004353, "EVENT": 0.01045, "1CR": 2.325, "VIOR": 0.1167, "XCO": 0.0005271, "VMC": 0.001741, "VIRAL": 0.02133, "EQM": 0.01247, "ISL": 0.03001, "QSLV": 0.05137, "XWT": 0.01175, "XNA": 0.0004353, "SKB": 0.01919, "BSTY": 0.04981, "FCS": 0.003918, "GAM": 2.702, "CESC": 0.001002}